REVLIMID-MEDICARE DATA SEE SHEET TITLED REVLIMID_REDBOOK,
Year,Medicare Avg Cost/Unit
2010,$350.28
2011,$366.83
2012,$389.29
2013,$418.40
2014,$450.97
2015,$489.91
2016,$543.59
2017,$626.94
2018,697.3542512
2019,745.588496
2020,794.3280265
2021,840.1744443
2022,883.0961774
2023,878.2121963